year,state,state_po,county,FIPS,office,candidate,party,candidatevotes,totalvotes,version
2020,Georgia,GA,Appling,no_data,President,Donald J. Trump,republican,6526,,
2020,Georgia,GA,Atkinson,no_data,President,Donald J. Trump,republican,2300,,
2020,Georgia,GA,Bacon,no_data,President,Donald J. Trump,republican,4018,,
2020,Georgia,GA,Baker,no_data,President,Donald J. Trump,republican,894,,
2020,Georgia,GA,Baldwin,no_data,President,Donald J. Trump,republican,8893,,
2020,Georgia,GA,Banks,no_data,President,Donald J. Trump,republican,7774,,
2020,Georgia,GA,Barrow,no_data,President,Donald J. Trump,republican,26794,,
2020,Georgia,GA,Bartow,no_data,President,Donald J. Trump,republican,37623,,
2020,Georgia,GA,Ben Hill,no_data,President,Donald J. Trump,republican,4109,,
2020,Georgia,GA,Berrien,no_data,President,Donald J. Trump,republican,6409,,
2020,Georgia,GA,Bibb,no_data,President,Donald J. Trump,republican,26506,,
2020,Georgia,GA,Bleckley,no_data,President,Donald J. Trump,republican,4326,,
2020,Georgia,GA,Brantley,no_data,President,Donald J. Trump,republican,6980,,
2020,Georgia,GA,Brooks,no_data,President,Donald J. Trump,republican,4248,,
2020,Georgia,GA,Bryan,no_data,President,Donald J. Trump,republican,14242,,
2020,Georgia,GA,Bulloch,no_data,President,Donald J. Trump,republican,18358,,
2020,Georgia,GA,Burke,no_data,President,Donald J. Trump,republican,5399,,
2020,Georgia,GA,Butts,no_data,President,Donald J. Trump,republican,8403,,
2020,Georgia,GA,Calhoun,no_data,President,Donald J. Trump,republican,923,,
2020,Georgia,GA,Camden,no_data,President,Donald J. Trump,republican,15242,,
2020,Georgia,GA,Candler,no_data,President,Donald J. Trump,republican,3129,,
2020,Georgia,GA,Carroll,no_data,President,Donald J. Trump,republican,37444,,
2020,Georgia,GA,Catoosa,no_data,President,Donald J. Trump,republican,25142,,
2020,Georgia,GA,Charlton,no_data,President,Donald J. Trump,republican,3419,,
2020,Georgia,GA,Chatham,no_data,President,Donald J. Trump,republican,53173,,
2020,Georgia,GA,Chattahoochee,no_data,President,Donald J. Trump,republican,879,,
2020,Georgia,GA,Chattooga,no_data,President,Donald J. Trump,republican,8058,,
2020,Georgia,GA,Cherokee,no_data,President,Donald J. Trump,republican,99474,,
2020,Georgia,GA,Clarke,no_data,President,Donald J. Trump,republican,14385,,
2020,Georgia,GA,Clay,no_data,President,Donald J. Trump,republican,637,,
2020,Georgia,GA,Clayton,no_data,President,Donald J. Trump,republican,15625,,
2020,Georgia,GA,Clinch,no_data,President,Donald J. Trump,republican,2104,,
2020,Georgia,GA,Cobb,no_data,President,Donald J. Trump,republican,164965,,
2020,Georgia,GA,Coffee,no_data,President,Donald J. Trump,republican,10532,,
2020,Georgia,GA,Colquitt,no_data,President,Donald J. Trump,republican,11766,,
2020,Georgia,GA,Columbia,no_data,President,Donald J. Trump,republican,49952,,
2020,Georgia,GA,Cook,no_data,President,Donald J. Trump,republican,4900,,
2020,Georgia,GA,Coweta,no_data,President,Donald J. Trump,republican,51405,,
2020,Georgia,GA,Crawford,no_data,President,Donald J. Trump,republican,4421,,
2020,Georgia,GA,Crisp,no_data,President,Donald J. Trump,republican,4982,,
2020,Georgia,GA,Dade,no_data,President,Donald J. Trump,republican,6058,,
2020,Georgia,GA,Dawson,no_data,President,Donald J. Trump,republican,13393,,
2020,Georgia,GA,Decatur,no_data,President,Donald J. Trump,republican,6752,,
2020,Georgia,GA,DeKalb,no_data,President,Donald J. Trump,republican,57993,,
2020,Georgia,GA,Dodge,no_data,President,Donald J. Trump,republican,5839,,
2020,Georgia,GA,Dooly,no_data,President,Donald J. Trump,republican,2155,,
2020,Georgia,GA,Dougherty,no_data,President,Donald J. Trump,republican,10419,,
2020,Georgia,GA,Douglas,no_data,President,Donald J. Trump,republican,25301,,
2020,Georgia,GA,Early,no_data,President,Donald J. Trump,republican,2719,,
2020,Georgia,GA,Echols,no_data,President,Donald J. Trump,republican,1256,,
2020,Georgia,GA,Effingham,no_data,President,Donald J. Trump,republican,23340,,
2020,Georgia,GA,Elbert,no_data,President,Donald J. Trump,republican,6212,,
2020,Georgia,GA,Emanuel,no_data,President,Donald J. Trump,republican,6551,,
2020,Georgia,GA,Evans,no_data,President,Donald J. Trump,republican,2888,,
2020,Georgia,GA,Fannin,no_data,President,Donald J. Trump,republican,12144,,
2020,Georgia,GA,Fayette,no_data,President,Donald J. Trump,republican,36312,,
2020,Georgia,GA,Floyd,no_data,President,Donald J. Trump,republican,26843,,
2020,Georgia,GA,Forsyth,no_data,President,Donald J. Trump,republican,85081,,
2020,Georgia,GA,Franklin,no_data,President,Donald J. Trump,republican,9066,,
2020,Georgia,GA,Fulton,no_data,President,Donald J. Trump,republican,135043,,
2020,Georgia,GA,Gilmer,no_data,President,Donald J. Trump,republican,13382,,
2020,Georgia,GA,Glascock,no_data,President,Donald J. Trump,republican,1403,,
2020,Georgia,GA,Glynn,no_data,President,Donald J. Trump,republican,25581,,
2020,Georgia,GA,Gordon,no_data,President,Donald J. Trump,republican,19385,,
2020,Georgia,GA,Grady,no_data,President,Donald J. Trump,republican,7027,,
2020,Georgia,GA,Greene,no_data,President,Donald J. Trump,republican,7068,,
2020,Georgia,GA,Gwinnett,no_data,President,Donald J. Trump,republican,163937,,
2020,Georgia,GA,Habersham,no_data,President,Donald J. Trump,republican,16616,,
2020,Georgia,GA,Hall,no_data,President,Donald J. Trump,republican,64105,,
2020,Georgia,GA,Hancock,no_data,President,Donald J. Trump,republican,1159,,
2020,Georgia,GA,Haralson,no_data,President,Donald J. Trump,republican,12326,,
2020,Georgia,GA,Harris,no_data,President,Donald J. Trump,republican,14305,,
2020,Georgia,GA,Hart,no_data,President,Donald J. Trump,republican,9460,,
2020,Georgia,GA,Heard,no_data,President,Donald J. Trump,republican,4515,,
2020,Georgia,GA,Henry,no_data,President,Donald J. Trump,republican,48136,,
2020,Georgia,GA,Houston,no_data,President,Donald J. Trump,republican,41468,,
2020,Georgia,GA,Irwin,no_data,President,Donald J. Trump,republican,3128,,
2020,Georgia,GA,Jackson,no_data,President,Donald J. Trump,republican,29491,,
2020,Georgia,GA,Jasper,no_data,President,Donald J. Trump,republican,5809,,
2020,Georgia,GA,Jeff Davis,no_data,President,Donald J. Trump,republican,4695,,
2020,Georgia,GA,Jefferson,no_data,President,Donald J. Trump,republican,3534,,
2020,Georgia,GA,Jenkins,no_data,President,Donald J. Trump,republican,2158,,
2020,Georgia,GA,Johnson,no_data,President,Donald J. Trump,republican,2850,,
2020,Georgia,GA,Jones,no_data,President,Donald J. Trump,republican,9960,,
2020,Georgia,GA,Lamar,no_data,President,Donald J. Trump,republican,6322,,
2020,Georgia,GA,Lanier,no_data,President,Donald J. Trump,republican,2509,,
2020,Georgia,GA,Laurens,no_data,President,Donald J. Trump,republican,14351,,
2020,Georgia,GA,Lee,no_data,President,Donald J. Trump,republican,11998,,
2020,Georgia,GA,Liberty,no_data,President,Donald J. Trump,republican,7944,,
2020,Georgia,GA,Lincoln,no_data,President,Donald J. Trump,republican,3175,,
2020,Georgia,GA,Long,no_data,President,Donald J. Trump,republican,3508,,
2020,Georgia,GA,Lowndes,no_data,President,Donald J. Trump,republican,25520,,
2020,Georgia,GA,Lumpkin,no_data,President,Donald J. Trump,republican,12160,,
2020,Georgia,GA,Macon,no_data,President,Donald J. Trump,republican,1783,,
2020,Georgia,GA,Madison,no_data,President,Donald J. Trump,republican,11146,,
2020,Georgia,GA,Marion,no_data,President,Donald J. Trump,republican,2275,,
2020,Georgia,GA,McDuffie,no_data,President,Donald J. Trump,republican,6165,,
2020,Georgia,GA,McIntosh,no_data,President,Donald J. Trump,republican,4016,,
2020,Georgia,GA,Meriwether,no_data,President,Donald J. Trump,republican,6522,,
2020,Georgia,GA,Miller,no_data,President,Donald J. Trump,republican,2063,,
2020,Georgia,GA,Mitchell,no_data,President,Donald J. Trump,republican,4933,,
2020,Georgia,GA,Monroe,no_data,President,Donald J. Trump,republican,11053,,
2020,Georgia,GA,Montgomery,no_data,President,Donald J. Trump,republican,2959,,
2020,Georgia,GA,Morgan,no_data,President,Donald J. Trump,republican,8218,,
2020,Georgia,GA,Murray,no_data,President,Donald J. Trump,republican,12938,,
2020,Georgia,GA,Muscogee,no_data,President,Donald J. Trump,republican,29949,,
2020,Georgia,GA,Newton,no_data,President,Donald J. Trump,republican,23847,,
2020,Georgia,GA,Oconee,no_data,President,Donald J. Trump,republican,16590,,
2020,Georgia,GA,Oglethorpe,no_data,President,Donald J. Trump,republican,5591,,
2020,Georgia,GA,Paulding,no_data,President,Donald J. Trump,republican,54460,,
2020,Georgia,GA,Peach,no_data,President,Donald J. Trump,republican,6491,,
2020,Georgia,GA,Pickens,no_data,President,Donald J. Trump,republican,14074,,
2020,Georgia,GA,Pierce,no_data,President,Donald J. Trump,republican,7899,,
2020,Georgia,GA,Pike,no_data,President,Donald J. Trump,republican,9124,,
2020,Georgia,GA,Polk,no_data,President,Donald J. Trump,republican,13576,,
2020,Georgia,GA,Pulaski,no_data,President,Donald J. Trump,republican,2805,,
2020,Georgia,GA,Putnam,no_data,President,Donald J. Trump,republican,8207,,
2020,Georgia,GA,Quitman,no_data,President,Donald J. Trump,republican,604,,
2020,Georgia,GA,Rabun,no_data,President,Donald J. Trump,republican,7472,,
2020,Georgia,GA,Randolph,no_data,President,Donald J. Trump,republican,1391,,
2020,Georgia,GA,Richmond,no_data,President,Donald J. Trump,republican,26707,,
2020,Georgia,GA,Rockdale,no_data,President,Donald J. Trump,republican,12990,,
2020,Georgia,GA,Schley,no_data,President,Donald J. Trump,republican,1799,,
2020,Georgia,GA,Screven,no_data,President,Donald J. Trump,republican,3915,,
2020,Georgia,GA,Seminole,no_data,President,Donald J. Trump,republican,2607,,
2020,Georgia,GA,Spalding,no_data,President,Donald J. Trump,republican,17337,,
2020,Georgia,GA,Stephens,no_data,President,Donald J. Trump,republican,9359,,
2020,Georgia,GA,Stewart,no_data,President,Donald J. Trump,republican,796,,
2020,Georgia,GA,Sumter,no_data,President,Donald J. Trump,republican,5732,,
2020,Georgia,GA,Talbot,no_data,President,Donald J. Trump,republican,1390,,
2020,Georgia,GA,Taliaferro,no_data,President,Donald J. Trump,republican,360,,
2020,Georgia,GA,Tattnall,no_data,President,Donald J. Trump,republican,6048,,
2020,Georgia,GA,Taylor,no_data,President,Donald J. Trump,republican,2405,,
2020,Georgia,GA,Telfair,no_data,President,Donald J. Trump,republican,2822,,
2020,Georgia,GA,Terrell,no_data,President,Donald J. Trump,republican,2003,,
2020,Georgia,GA,Thomas,no_data,President,Donald J. Trump,republican,12950,,
2020,Georgia,GA,Tift,no_data,President,Donald J. Trump,republican,10775,,
2020,Georgia,GA,Toombs,no_data,President,Donald J. Trump,republican,7865,,
2020,Georgia,GA,Towns,no_data,President,Donald J. Trump,republican,6374,,
2020,Georgia,GA,Treutlen,no_data,President,Donald J. Trump,republican,2101,,
2020,Georgia,GA,Troup,no_data,President,Donald J. Trump,republican,18097,,
2020,Georgia,GA,Turner,no_data,President,Donald J. Trump,republican,2349,,
2020,Georgia,GA,Twiggs,no_data,President,Donald J. Trump,republican,2368,,
2020,Georgia,GA,Union,no_data,President,Donald J. Trump,republican,12638,,
2020,Georgia,GA,Upson,no_data,President,Donald J. Trump,republican,8602,,
2020,Georgia,GA,Walker,no_data,President,Donald J. Trump,republican,23166,,
2020,Georgia,GA,Walton,no_data,President,Donald J. Trump,republican,37590,,
2020,Georgia,GA,Ware,no_data,President,Donald J. Trump,republican,9909,,
2020,Georgia,GA,Warren,no_data,President,Donald J. Trump,republican,1177,,
2020,Georgia,GA,Washington,no_data,President,Donald J. Trump,republican,4658,,
2020,Georgia,GA,Wayne,no_data,President,Donald J. Trump,republican,9964,,
2020,Georgia,GA,Webster,no_data,President,Donald J. Trump,republican,748,,
2020,Georgia,GA,Wheeler,no_data,President,Donald J. Trump,republican,1583,,
2020,Georgia,GA,White,no_data,President,Donald J. Trump,republican,12137,,
2020,Georgia,GA,Whitfield,no_data,President,Donald J. Trump,republican,25591,,
2020,Georgia,GA,Wilcox,no_data,President,Donald J. Trump,republican,2403,,
2020,Georgia,GA,Wilkes,no_data,President,Donald J. Trump,republican,2820,,
2020,Georgia,GA,Wilkinson,no_data,President,Donald J. Trump,republican,2664,,
2020,Georgia,GA,Worth,no_data,President,Donald J. Trump,republican,6826,,
2020,Georgia,GA,Appling,no_data,President,Joseph R. Biden,democrat,1779,,
2020,Georgia,GA,Atkinson,no_data,President,Joseph R. Biden,democrat,825,,
2020,Georgia,GA,Bacon,no_data,President,Joseph R. Biden,democrat,625,,
2020,Georgia,GA,Baker,no_data,President,Joseph R. Biden,democrat,652,,
2020,Georgia,GA,Baldwin,no_data,President,Joseph R. Biden,democrat,9106,,
2020,Georgia,GA,Banks,no_data,President,Joseph R. Biden,democrat,926,,
2020,Georgia,GA,Barrow,no_data,President,Joseph R. Biden,democrat,10448,,
2020,Georgia,GA,Bartow,no_data,President,Joseph R. Biden,democrat,12053,,
2020,Georgia,GA,Ben Hill,no_data,President,Joseph R. Biden,democrat,2392,,
2020,Georgia,GA,Berrien,no_data,President,Joseph R. Biden,democrat,1268,,
2020,Georgia,GA,Bibb,no_data,President,Joseph R. Biden,democrat,43234,,
2020,Georgia,GA,Bleckley,no_data,President,Joseph R. Biden,democrat,1311,,
2020,Georgia,GA,Brantley,no_data,President,Joseph R. Biden,democrat,697,,
2020,Georgia,GA,Brooks,no_data,President,Joseph R. Biden,democrat,2780,,
2020,Georgia,GA,Bryan,no_data,President,Joseph R. Biden,democrat,6739,,
2020,Georgia,GA,Bulloch,no_data,President,Joseph R. Biden,democrat,11198,,
2020,Georgia,GA,Burke,no_data,President,Joseph R. Biden,democrat,5206,,
2020,Georgia,GA,Butts,no_data,President,Joseph R. Biden,democrat,3271,,
2020,Georgia,GA,Calhoun,no_data,President,Joseph R. Biden,democrat,1259,,
2020,Georgia,GA,Camden,no_data,President,Joseph R. Biden,democrat,7963,,
2020,Georgia,GA,Candler,no_data,President,Joseph R. Biden,democrat,1257,,
2020,Georgia,GA,Carroll,no_data,President,Joseph R. Biden,democrat,16212,,
2020,Georgia,GA,Catoosa,no_data,President,Joseph R. Biden,democrat,6927,,
2020,Georgia,GA,Charlton,no_data,President,Joseph R. Biden,democrat,1100,,
2020,Georgia,GA,Chatham,no_data,President,Joseph R. Biden,democrat,78128,,
2020,Georgia,GA,Chattahoochee,no_data,President,Joseph R. Biden,democrat,667,,
2020,Georgia,GA,Chattooga,no_data,President,Joseph R. Biden,democrat,1852,,
2020,Georgia,GA,Cherokee,no_data,President,Joseph R. Biden,democrat,42683,,
2020,Georgia,GA,Clarke,no_data,President,Joseph R. Biden,democrat,35882,,
2020,Georgia,GA,Clay,no_data,President,Joseph R. Biden,democrat,788,,
2020,Georgia,GA,Clayton,no_data,President,Joseph R. Biden,democrat,93838,,
2020,Georgia,GA,Clinch,no_data,President,Joseph R. Biden,democrat,744,,
2020,Georgia,GA,Cobb,no_data,President,Joseph R. Biden,democrat,221234,,
2020,Georgia,GA,Coffee,no_data,President,Joseph R. Biden,democrat,4463,,
2020,Georgia,GA,Colquitt,no_data,President,Joseph R. Biden,democrat,4182,,
2020,Georgia,GA,Columbia,no_data,President,Joseph R. Biden,democrat,29175,,
2020,Georgia,GA,Cook,no_data,President,Joseph R. Biden,democrat,2058,,
2020,Georgia,GA,Coweta,no_data,President,Joseph R. Biden,democrat,24072,,
2020,Georgia,GA,Crawford,no_data,President,Joseph R. Biden,democrat,1609,,
2020,Georgia,GA,Crisp,no_data,President,Joseph R. Biden,democrat,2980,,
2020,Georgia,GA,Dade,no_data,President,Joseph R. Biden,democrat,1258,,
2020,Georgia,GA,Dawson,no_data,President,Joseph R. Biden,democrat,2486,,
2020,Georgia,GA,Decatur,no_data,President,Joseph R. Biden,democrat,4772,,
2020,Georgia,GA,DeKalb,no_data,President,Joseph R. Biden,democrat,305197,,
2020,Georgia,GA,Dodge,no_data,President,Joseph R. Biden,democrat,2170,,
2020,Georgia,GA,Dooly,no_data,President,Joseph R. Biden,democrat,1908,,
2020,Georgia,GA,Dougherty,no_data,President,Joseph R. Biden,democrat,24407,,
2020,Georgia,GA,Douglas,no_data,President,Joseph R. Biden,democrat,42587,,
2020,Georgia,GA,Early,no_data,President,Joseph R. Biden,democrat,2437,,
2020,Georgia,GA,Echols,no_data,President,Joseph R. Biden,democrat,167,,
2020,Georgia,GA,Effingham,no_data,President,Joseph R. Biden,democrat,7706,,
2020,Georgia,GA,Elbert,no_data,President,Joseph R. Biden,democrat,2858,,
2020,Georgia,GA,Emanuel,no_data,President,Joseph R. Biden,democrat,2884,,
2020,Georgia,GA,Evans,no_data,President,Joseph R. Biden,democrat,1323,,
2020,Georgia,GA,Fannin,no_data,President,Joseph R. Biden,democrat,2571,,
2020,Georgia,GA,Fayette,no_data,President,Joseph R. Biden,democrat,31854,,
2020,Georgia,GA,Floyd,no_data,President,Joseph R. Biden,democrat,10818,,
2020,Georgia,GA,Forsyth,no_data,President,Joseph R. Biden,democrat,42177,,
2020,Georgia,GA,Franklin,no_data,President,Joseph R. Biden,democrat,1593,,
2020,Georgia,GA,Fulton,no_data,President,Joseph R. Biden,democrat,373569,,
2020,Georgia,GA,Gilmer,no_data,President,Joseph R. Biden,democrat,2905,,
2020,Georgia,GA,Glascock,no_data,President,Joseph R. Biden,democrat,155,,
2020,Georgia,GA,Glynn,no_data,President,Joseph R. Biden,democrat,15857,,
2020,Georgia,GA,Gordon,no_data,President,Joseph R. Biden,democrat,4382,,
2020,Georgia,GA,Grady,no_data,President,Joseph R. Biden,democrat,3608,,
2020,Georgia,GA,Greene,no_data,President,Joseph R. Biden,democrat,4083,,
2020,Georgia,GA,Gwinnett,no_data,President,Joseph R. Biden,democrat,236336,,
2020,Georgia,GA,Habersham,no_data,President,Joseph R. Biden,democrat,3559,,
2020,Georgia,GA,Hall,no_data,President,Joseph R. Biden,democrat,25002,,
2020,Georgia,GA,Hancock,no_data,President,Joseph R. Biden,democrat,2982,,
2020,Georgia,GA,Haralson,no_data,President,Joseph R. Biden,democrat,1792,,
2020,Georgia,GA,Harris,no_data,President,Joseph R. Biden,democrat,5450,,
2020,Georgia,GA,Hart,no_data,President,Joseph R. Biden,democrat,3155,,
2020,Georgia,GA,Heard,no_data,President,Joseph R. Biden,democrat,823,,
2020,Georgia,GA,Henry,no_data,President,Joseph R. Biden,democrat,73118,,
2020,Georgia,GA,Houston,no_data,President,Joseph R. Biden,democrat,32149,,
2020,Georgia,GA,Irwin,no_data,President,Joseph R. Biden,democrat,1007,,
2020,Georgia,GA,Jackson,no_data,President,Joseph R. Biden,democrat,7641,,
2020,Georgia,GA,Jasper,no_data,President,Joseph R. Biden,democrat,1759,,
2020,Georgia,GA,Jeff Davis,no_data,President,Joseph R. Biden,democrat,1028,,
2020,Georgia,GA,Jefferson,no_data,President,Joseph R. Biden,democrat,4053,,
2020,Georgia,GA,Jenkins,no_data,President,Joseph R. Biden,democrat,1265,,
2020,Georgia,GA,Johnson,no_data,President,Joseph R. Biden,democrat,1222,,
2020,Georgia,GA,Jones,no_data,President,Joseph R. Biden,democrat,4884,,
2020,Georgia,GA,Lamar,no_data,President,Joseph R. Biden,democrat,2612,,
2020,Georgia,GA,Lanier,no_data,President,Joseph R. Biden,democrat,1019,,
2020,Georgia,GA,Laurens,no_data,President,Joseph R. Biden,democrat,7875,,
2020,Georgia,GA,Lee,no_data,President,Joseph R. Biden,democrat,4556,,
2020,Georgia,GA,Liberty,no_data,President,Joseph R. Biden,democrat,13051,,
2020,Georgia,GA,Lincoln,no_data,President,Joseph R. Biden,democrat,1432,,
2020,Georgia,GA,Long,no_data,President,Joseph R. Biden,democrat,2015,,
2020,Georgia,GA,Lowndes,no_data,President,Joseph R. Biden,democrat,19832,,
2020,Georgia,GA,Lumpkin,no_data,President,Joseph R. Biden,democrat,3122,,
2020,Georgia,GA,Macon,no_data,President,Joseph R. Biden,democrat,2857,,
2020,Georgia,GA,Madison,no_data,President,Joseph R. Biden,democrat,3364,,
2020,Georgia,GA,Marion,no_data,President,Joseph R. Biden,democrat,1311,,
2020,Georgia,GA,McDuffie,no_data,President,Joseph R. Biden,democrat,4168,,
2020,Georgia,GA,McIntosh,no_data,President,Joseph R. Biden,democrat,2611,,
2020,Georgia,GA,Meriwether,no_data,President,Joseph R. Biden,democrat,4281,,
2020,Georgia,GA,Miller,no_data,President,Joseph R. Biden,democrat,747,,
2020,Georgia,GA,Mitchell,no_data,President,Joseph R. Biden,democrat,3990,,
2020,Georgia,GA,Monroe,no_data,President,Joseph R. Biden,democrat,4382,,
2020,Georgia,GA,Montgomery,no_data,President,Joseph R. Biden,democrat,976,,
2020,Georgia,GA,Morgan,no_data,President,Joseph R. Biden,democrat,3349,,
2020,Georgia,GA,Murray,no_data,President,Joseph R. Biden,democrat,2300,,
2020,Georgia,GA,Muscogee,no_data,President,Joseph R. Biden,democrat,49201,,
2020,Georgia,GA,Newton,no_data,President,Joseph R. Biden,democrat,29754,,
2020,Georgia,GA,Oconee,no_data,President,Joseph R. Biden,democrat,8156,,
2020,Georgia,GA,Oglethorpe,no_data,President,Joseph R. Biden,democrat,2435,,
2020,Georgia,GA,Paulding,no_data,President,Joseph R. Biden,democrat,29658,,
2020,Georgia,GA,Peach,no_data,President,Joseph R. Biden,democrat,5910,,
2020,Georgia,GA,Pickens,no_data,President,Joseph R. Biden,democrat,2806,,
2020,Georgia,GA,Pierce,no_data,President,Joseph R. Biden,democrat,1099,,
2020,Georgia,GA,Pike,no_data,President,Joseph R. Biden,democrat,1503,,
2020,Georgia,GA,Polk,no_data,President,Joseph R. Biden,democrat,3650,,
2020,Georgia,GA,Pulaski,no_data,President,Joseph R. Biden,democrat,1217,,
2020,Georgia,GA,Putnam,no_data,President,Joseph R. Biden,democrat,3340,,
2020,Georgia,GA,Quitman,no_data,President,Joseph R. Biden,democrat,497,,
2020,Georgia,GA,Rabun,no_data,President,Joseph R. Biden,democrat,1984,,
2020,Georgia,GA,Randolph,no_data,President,Joseph R. Biden,democrat,1671,,
2020,Georgia,GA,Richmond,no_data,President,Joseph R. Biden,democrat,58776,,
2020,Georgia,GA,Rockdale,no_data,President,Joseph R. Biden,democrat,31199,,
2020,Georgia,GA,Schley,no_data,President,Joseph R. Biden,democrat,462,,
2020,Georgia,GA,Screven,no_data,President,Joseph R. Biden,democrat,2661,,
2020,Georgia,GA,Seminole,no_data,President,Joseph R. Biden,democrat,1251,,
2020,Georgia,GA,Spalding,no_data,President,Joseph R. Biden,democrat,11356,,
2020,Georgia,GA,Stephens,no_data,President,Joseph R. Biden,democrat,2385,,
2020,Georgia,GA,Stewart,no_data,President,Joseph R. Biden,democrat,1175,,
2020,Georgia,GA,Sumter,no_data,President,Joseph R. Biden,democrat,6318,,
2020,Georgia,GA,Talbot,no_data,President,Joseph R. Biden,democrat,2113,,
2020,Georgia,GA,Taliaferro,no_data,President,Joseph R. Biden,democrat,560,,
2020,Georgia,GA,Tattnall,no_data,President,Joseph R. Biden,democrat,2059,,
2020,Georgia,GA,Taylor,no_data,President,Joseph R. Biden,democrat,1382,,
2020,Georgia,GA,Telfair,no_data,President,Joseph R. Biden,democrat,1480,,
2020,Georgia,GA,Terrell,no_data,President,Joseph R. Biden,democrat,2375,,
2020,Georgia,GA,Thomas,no_data,President,Joseph R. Biden,democrat,8690,,
2020,Georgia,GA,Tift,no_data,President,Joseph R. Biden,democrat,5306,,
2020,Georgia,GA,Toombs,no_data,President,Joseph R. Biden,democrat,2935,,
2020,Georgia,GA,Towns,no_data,President,Joseph R. Biden,democrat,1549,,
2020,Georgia,GA,Treutlen,no_data,President,Joseph R. Biden,democrat,952,,
2020,Georgia,GA,Troup,no_data,President,Joseph R. Biden,democrat,11542,,
2020,Georgia,GA,Turner,no_data,President,Joseph R. Biden,democrat,1410,,
2020,Georgia,GA,Twiggs,no_data,President,Joseph R. Biden,democrat,2040,,
2020,Georgia,GA,Union,no_data,President,Joseph R. Biden,democrat,2801,,
2020,Georgia,GA,Upson,no_data,President,Joseph R. Biden,democrat,4201,,
2020,Georgia,GA,Walker,no_data,President,Joseph R. Biden,democrat,5764,,
2020,Georgia,GA,Walton,no_data,President,Joseph R. Biden,democrat,12609,,
2020,Georgia,GA,Ware,no_data,President,Joseph R. Biden,democrat,4223,,
2020,Georgia,GA,Warren,no_data,President,Joseph R. Biden,democrat,1488,,
2020,Georgia,GA,Washington,no_data,President,Joseph R. Biden,democrat,4721,,
2020,Georgia,GA,Wayne,no_data,President,Joseph R. Biden,democrat,2678,,
2020,Georgia,GA,Webster,no_data,President,Joseph R. Biden,democrat,639,,
2020,Georgia,GA,Wheeler,no_data,President,Joseph R. Biden,democrat,688,,
2020,Georgia,GA,White,no_data,President,Joseph R. Biden,democrat,2387,,
2020,Georgia,GA,Whitfield,no_data,President,Joseph R. Biden,democrat,10649,,
2020,Georgia,GA,Wilcox,no_data,President,Joseph R. Biden,democrat,862,,
2020,Georgia,GA,Wilkes,no_data,President,Joseph R. Biden,democrat,2155,,
2020,Georgia,GA,Wilkinson,no_data,President,Joseph R. Biden,democrat,2075,,
2020,Georgia,GA,Worth,no_data,President,Joseph R. Biden,democrat,2395,,
2020,Pennsylvania,PA,Adams County,no_data,President,Joseph R. Biden,democrat,17919,,
2020,Pennsylvania,PA,Allegheny County,no_data,President,Joseph R. Biden,democrat,396767,,
2020,Pennsylvania,PA,Armstrong County,no_data,President,Joseph R. Biden,democrat,7130,,
2020,Pennsylvania,PA,Beaver County,no_data,President,Joseph R. Biden,democrat,37389,,
2020,Pennsylvania,PA,Bedford County,no_data,President,Joseph R. Biden,democrat,4266,,
2020,Pennsylvania,PA,Berks County,no_data,President,Joseph R. Biden,democrat,89530,,
2020,Pennsylvania,PA,Blair County,no_data,President,Joseph R. Biden,democrat,17251,,
2020,Pennsylvania,PA,Bradford County,no_data,President,Joseph R. Biden,democrat,7729,,
2020,Pennsylvania,PA,Bucks County,no_data,President,Joseph R. Biden,democrat,193608,,
2020,Pennsylvania,PA,Butler County,no_data,President,Joseph R. Biden,democrat,36534,,
2020,Pennsylvania,PA,Cambria County,no_data,President,Joseph R. Biden,democrat,21293,,
2020,Pennsylvania,PA,Cameron County,no_data,President,Joseph R. Biden,democrat,634,,
2020,Pennsylvania,PA,Carbon County,no_data,President,Joseph R. Biden,democrat,10943,,
2020,Pennsylvania,PA,Centre County,no_data,President,Joseph R. Biden,democrat,39711,,
2020,Pennsylvania,PA,Chester County,no_data,President,Joseph R. Biden,democrat,177408,,
2020,Pennsylvania,PA,Clarion County,no_data,President,Joseph R. Biden,democrat,4615,,
2020,Pennsylvania,PA,Clearfield County,no_data,President,Joseph R. Biden,democrat,9598,,
2020,Pennsylvania,PA,Clinton County,no_data,President,Joseph R. Biden,democrat,5406,,
2020,Pennsylvania,PA,Columbia County,no_data,President,Joseph R. Biden,democrat,10289,,
2020,Pennsylvania,PA,Crawford County,no_data,President,Joseph R. Biden,democrat,10052,,
2020,Pennsylvania,PA,Cumberland County,no_data,President,Joseph R. Biden,democrat,61168,,
2020,Pennsylvania,PA,Dauphin County,no_data,President,Joseph R. Biden,democrat,77125,,
2020,Pennsylvania,PA,Delaware County,no_data,President,Joseph R. Biden,democrat,195996,,
2020,Pennsylvania,PA,Elk County,no_data,President,Joseph R. Biden,democrat,4440,,
2020,Pennsylvania,PA,Erie County,no_data,President,Joseph R. Biden,democrat,66966,,
2020,Pennsylvania,PA,Fayette County,no_data,President,Joseph R. Biden,democrat,19381,,
2020,Pennsylvania,PA,Forest County,no_data,President,Joseph R. Biden,democrat,715,,
2020,Pennsylvania,PA,Franklin County,no_data,President,Joseph R. Biden,democrat,21994,,
2020,Pennsylvania,PA,Fulton County,no_data,President,Joseph R. Biden,democrat,1068,,
2020,Pennsylvania,PA,Greene County,no_data,President,Joseph R. Biden,democrat,3631,,
2020,Pennsylvania,PA,Huntingdon County,no_data,President,Joseph R. Biden,democrat,5389,,
2020,Pennsylvania,PA,Indiana County,no_data,President,Joseph R. Biden,democrat,12475,,
2020,Pennsylvania,PA,Jefferson County,no_data,President,Joseph R. Biden,democrat,4498,,
2020,Pennsylvania,PA,Juniata County,no_data,President,Joseph R. Biden,democrat,2252,,
2020,Pennsylvania,PA,Lackawanna County,no_data,President,Joseph R. Biden,democrat,61016,,
2020,Pennsylvania,PA,Lancaster County,no_data,President,Joseph R. Biden,democrat,112536,,
2020,Pennsylvania,PA,Lawrence County,no_data,President,Joseph R. Biden,democrat,15557,,
2020,Pennsylvania,PA,Lebanon County,no_data,President,Joseph R. Biden,democrat,23263,,
2020,Pennsylvania,PA,Lehigh County,no_data,President,Joseph R. Biden,democrat,90792,,
2020,Pennsylvania,PA,Luzerne County,no_data,President,Joseph R. Biden,democrat,62983,,
2020,Pennsylvania,PA,Lycoming County,no_data,President,Joseph R. Biden,democrat,16718,,
2020,Pennsylvania,PA,McKean County,no_data,President,Joseph R. Biden,democrat,5024,,
2020,Pennsylvania,PA,Mercer County,no_data,President,Joseph R. Biden,democrat,19399,,
2020,Pennsylvania,PA,Mifflin County,no_data,President,Joseph R. Biden,democrat,4560,,
2020,Pennsylvania,PA,Monroe County,no_data,President,Joseph R. Biden,democrat,42102,,
2020,Pennsylvania,PA,Montgomery County,no_data,President,Joseph R. Biden,democrat,313543,,
2020,Pennsylvania,PA,Montour County,no_data,President,Joseph R. Biden,democrat,3768,,
2020,Pennsylvania,PA,Northampton County,no_data,President,Joseph R. Biden,democrat,83401,,
2020,Pennsylvania,PA,Northumberland County,no_data,President,Joseph R. Biden,democrat,12414,,
2020,Pennsylvania,PA,Perry County,no_data,President,Joseph R. Biden,democrat,5704,,
2020,Pennsylvania,PA,Philadelphia County,no_data,President,Joseph R. Biden,democrat,553953,,
2020,Pennsylvania,PA,Pike County,no_data,President,Joseph R. Biden,democrat,12845,,
2020,Pennsylvania,PA,Potter County,no_data,President,Joseph R. Biden,democrat,1686,,
2020,Pennsylvania,PA,Schuylkill County,no_data,President,Joseph R. Biden,democrat,20425,,
2020,Pennsylvania,PA,Snyder County,no_data,President,Joseph R. Biden,democrat,4848,,
2020,Pennsylvania,PA,Somerset County,no_data,President,Joseph R. Biden,democrat,8543,,
2020,Pennsylvania,PA,Sullivan County,no_data,President,Joseph R. Biden,democrat,902,,
2020,Pennsylvania,PA,Susquehanna County,no_data,President,Joseph R. Biden,democrat,6084,,
2020,Pennsylvania,PA,Tioga County,no_data,President,Joseph R. Biden,democrat,4883,,
2020,Pennsylvania,PA,Union County,no_data,President,Joseph R. Biden,democrat,7322,,
2020,Pennsylvania,PA,Venango County,no_data,President,Joseph R. Biden,democrat,7475,,
2020,Pennsylvania,PA,Warren County,no_data,President,Joseph R. Biden,democrat,5987,,
2020,Pennsylvania,PA,Washington County,no_data,President,Joseph R. Biden,democrat,44231,,
2020,Pennsylvania,PA,Wayne County,no_data,President,Joseph R. Biden,democrat,9118,,
2020,Pennsylvania,PA,Westmoreland County,no_data,President,Joseph R. Biden,democrat,69110,,
2020,Pennsylvania,PA,Wyoming County,no_data,President,Joseph R. Biden,democrat,4642,,
2020,Pennsylvania,PA,York County,no_data,President,Joseph R. Biden,democrat,85323,,
2020,Pennsylvania,PA,Adams County,no_data,President,Donald J. Trump,republican,37009,,
2020,Pennsylvania,PA,Allegheny County,no_data,President,Donald J. Trump,republican,268340,,
2020,Pennsylvania,PA,Armstrong County,no_data,President,Donald J. Trump,republican,26105,,
2020,Pennsylvania,PA,Beaver County,no_data,President,Donald J. Trump,republican,53886,,
2020,Pennsylvania,PA,Bedford County,no_data,President,Donald J. Trump,republican,22529,,
2020,Pennsylvania,PA,Berks County,no_data,President,Donald J. Trump,republican,105941,,
2020,Pennsylvania,PA,Blair County,no_data,President,Donald J. Trump,republican,44540,,
2020,Pennsylvania,PA,Bradford County,no_data,President,Donald J. Trump,republican,21037,,
2020,Pennsylvania,PA,Bucks County,no_data,President,Donald J. Trump,republican,180435,,
2020,Pennsylvania,PA,Butler County,no_data,President,Donald J. Trump,republican,73023,,
2020,Pennsylvania,PA,Cambria County,no_data,President,Donald J. Trump,republican,47386,,
2020,Pennsylvania,PA,Cameron County,no_data,President,Donald J. Trump,republican,1771,,
2020,Pennsylvania,PA,Carbon County,no_data,President,Donald J. Trump,republican,21367,,
2020,Pennsylvania,PA,Centre County,no_data,President,Donald J. Trump,republican,36041,,
2020,Pennsylvania,PA,Chester County,no_data,President,Donald J. Trump,republican,126446,,
2020,Pennsylvania,PA,Clarion County,no_data,President,Donald J. Trump,republican,14363,,
2020,Pennsylvania,PA,Clearfield County,no_data,President,Donald J. Trump,republican,28984,,
2020,Pennsylvania,PA,Clinton County,no_data,President,Donald J. Trump,republican,11668,,
2020,Pennsylvania,PA,Columbia County,no_data,President,Donald J. Trump,republican,19752,,
2020,Pennsylvania,PA,Crawford County,no_data,President,Donald J. Trump,republican,26439,,
2020,Pennsylvania,PA,Cumberland County,no_data,President,Donald J. Trump,republican,76149,,
2020,Pennsylvania,PA,Dauphin County,no_data,President,Donald J. Trump,republican,65074,,
2020,Pennsylvania,PA,Delaware County,no_data,President,Donald J. Trump,republican,114232,,
2020,Pennsylvania,PA,Elk County,no_data,President,Donald J. Trump,republican,11931,,
2020,Pennsylvania,PA,Erie County,no_data,President,Donald J. Trump,republican,65647,,
2020,Pennsylvania,PA,Fayette County,no_data,President,Donald J. Trump,republican,39887,,
2020,Pennsylvania,PA,Forest County,no_data,President,Donald J. Trump,republican,1864,,
2020,Pennsylvania,PA,Franklin County,no_data,President,Donald J. Trump,republican,56565,,
2020,Pennsylvania,PA,Fulton County,no_data,President,Donald J. Trump,republican,6660,,
2020,Pennsylvania,PA,Greene County,no_data,President,Donald J. Trump,republican,11637,,
2020,Pennsylvania,PA,Huntingdon County,no_data,President,Donald J. Trump,republican,16937,,
2020,Pennsylvania,PA,Indiana County,no_data,President,Donald J. Trump,republican,27832,,
2020,Pennsylvania,PA,Jefferson County,no_data,President,Donald J. Trump,republican,17928,,
2020,Pennsylvania,PA,Juniata County,no_data,President,Donald J. Trump,republican,9638,,
2020,Pennsylvania,PA,Lackawanna County,no_data,President,Donald J. Trump,republican,51404,,
2020,Pennsylvania,PA,Lancaster County,no_data,President,Donald J. Trump,republican,156938,,
2020,Pennsylvania,PA,Lawrence County,no_data,President,Donald J. Trump,republican,29071,,
2020,Pennsylvania,PA,Lebanon County,no_data,President,Donald J. Trump,republican,45781,,
2020,Pennsylvania,PA,Lehigh County,no_data,President,Donald J. Trump,republican,80031,,
2020,Pennsylvania,PA,Luzerne County,no_data,President,Donald J. Trump,republican,84649,,
2020,Pennsylvania,PA,Lycoming County,no_data,President,Donald J. Trump,republican,40878,,
2020,Pennsylvania,PA,McKean County,no_data,President,Donald J. Trump,republican,13892,,
2020,Pennsylvania,PA,Mercer County,no_data,President,Donald J. Trump,republican,34637,,
2020,Pennsylvania,PA,Mifflin County,no_data,President,Donald J. Trump,republican,16532,,
2020,Pennsylvania,PA,Monroe County,no_data,President,Donald J. Trump,republican,37297,,
2020,Pennsylvania,PA,Montgomery County,no_data,President,Donald J. Trump,republican,182907,,
2020,Pennsylvania,PA,Montour County,no_data,President,Donald J. Trump,republican,5842,,
2020,Pennsylvania,PA,Northampton County,no_data,President,Donald J. Trump,republican,82548,,
2020,Pennsylvania,PA,Northumberland County,no_data,President,Donald J. Trump,republican,28412,,
2020,Pennsylvania,PA,Perry County,no_data,President,Donald J. Trump,republican,17879,,
2020,Pennsylvania,PA,Philadelphia County,no_data,President,Donald J. Trump,republican,125513,,
2020,Pennsylvania,PA,Pike County,no_data,President,Donald J. Trump,republican,18951,,
2020,Pennsylvania,PA,Potter County,no_data,President,Donald J. Trump,republican,7117,,
2020,Pennsylvania,PA,Schuylkill County,no_data,President,Donald J. Trump,republican,48100,,
2020,Pennsylvania,PA,Snyder County,no_data,President,Donald J. Trump,republican,13816,,
2020,Pennsylvania,PA,Somerset County,no_data,President,Donald J. Trump,republican,31105,,
2020,Pennsylvania,PA,Sullivan County,no_data,President,Donald J. Trump,republican,2595,,
2020,Pennsylvania,PA,Susquehanna County,no_data,President,Donald J. Trump,republican,14879,,
2020,Pennsylvania,PA,Tioga County,no_data,President,Donald J. Trump,republican,15503,,
2020,Pennsylvania,PA,Union County,no_data,President,Donald J. Trump,republican,12194,,
2020,Pennsylvania,PA,Venango County,no_data,President,Donald J. Trump,republican,18286,,
2020,Pennsylvania,PA,Warren County,no_data,President,Donald J. Trump,republican,14020,,
2020,Pennsylvania,PA,Washington County,no_data,President,Donald J. Trump,republican,71072,,
2020,Pennsylvania,PA,Wayne County,no_data,President,Donald J. Trump,republican,18444,,
2020,Pennsylvania,PA,Westmoreland County,no_data,President,Donald J. Trump,republican,127316,,
2020,Pennsylvania,PA,Wyoming County,no_data,President,Donald J. Trump,republican,9819,,
2020,Pennsylvania,PA,York County,no_data,President,Donald J. Trump,republican,143260,,
2020,Michigan,MI,Alcona County,no_data,President,Joseph R. Biden,democrat,"2,142",,
2020,Michigan,MI,Alger County,no_data,President,Joseph R. Biden,democrat,"2,053",,
2020,Michigan,MI,Allegan County,no_data,President,Joseph R. Biden,democrat,"24,447",,
2020,Michigan,MI,Alpena County,no_data,President,Joseph R. Biden,democrat,"6,000",,
2020,Michigan,MI,Antrim County,no_data,President,Joseph R. Biden,democrat,"7,289",,
2020,Michigan,MI,Arenac County,no_data,President,Joseph R. Biden,democrat,"2,773",,
2020,Michigan,MI,Baraga County,no_data,President,Joseph R. Biden,democrat,"1,475",,
2020,Michigan,MI,Barry County,no_data,President,Joseph R. Biden,democrat,"11,804",,
2020,Michigan,MI,Bay County,no_data,President,Joseph R. Biden,democrat,"21,718",,
2020,Michigan,MI,Benzie County,no_data,President,Joseph R. Biden,democrat,"5,480",,
2020,Michigan,MI,Berrien County,no_data,President,Joseph R. Biden,democrat,"37,438",,
2020,Michigan,MI,Branch County,no_data,President,Joseph R. Biden,democrat,"6,161",,
2020,Michigan,MI,Calhoun County,no_data,President,Joseph R. Biden,democrat,"28,417",,
2020,Michigan,MI,Cass County,no_data,President,Joseph R. Biden,democrat,"9,122",,
2020,Michigan,MI,Charlevoix County,no_data,President,Joseph R. Biden,democrat,"6,939",,
2020,Michigan,MI,Cheboygan County,no_data,President,Joseph R. Biden,democrat,"5,435",,
2020,Michigan,MI,Chippewa County,no_data,President,Joseph R. Biden,democrat,"6,651",,
2020,Michigan,MI,Clare County,no_data,President,Joseph R. Biden,democrat,"5,200",,
2020,Michigan,MI,Clinton County,no_data,President,Joseph R. Biden,democrat,"21,963",,
2020,Michigan,MI,Crawford County,no_data,President,Joseph R. Biden,democrat,"2,612",,
2020,Michigan,MI,Delta County,no_data,President,Joseph R. Biden,democrat,"7,605",,
2020,Michigan,MI,Dickinson County,no_data,President,Joseph R. Biden,democrat,"4,569",,
2020,Michigan,MI,Eaton County,no_data,President,Joseph R. Biden,democrat,"31,297",,
2020,Michigan,MI,Emmet County,no_data,President,Joseph R. Biden,democrat,"9,662",,
2020,Michigan,MI,Genesee County,no_data,President,Joseph R. Biden,democrat,"120,082",,
2020,Michigan,MI,Gladwin County,no_data,President,Joseph R. Biden,democrat,"4,524",,
2020,Michigan,MI,Gogebic County,no_data,President,Joseph R. Biden,democrat,"3,573",,
2020,Michigan,MI,Grand Traverse County,no_data,President,Joseph R. Biden,democrat,"28,682",,
2020,Michigan,MI,Gratiot County,no_data,President,Joseph R. Biden,democrat,"6,693",,
2020,Michigan,MI,Hillsdale County,no_data,President,Joseph R. Biden,democrat,"5,883",,
2020,Michigan,MI,Houghton County,no_data,President,Joseph R. Biden,democrat,"7,755",,
2020,Michigan,MI,Huron County,no_data,President,Joseph R. Biden,democrat,"5,349",,
2020,Michigan,MI,Ingham County,no_data,President,Joseph R. Biden,democrat,"94,221",,
2020,Michigan,MI,Ionia County,no_data,President,Joseph R. Biden,democrat,"10,899",,
2020,Michigan,MI,Iosco County,no_data,President,Joseph R. Biden,democrat,"5,371",,
2020,Michigan,MI,Iron County,no_data,President,Joseph R. Biden,democrat,"2,493",,
2020,Michigan,MI,Isabella County,no_data,President,Joseph R. Biden,democrat,"14,072",,
2020,Michigan,MI,Jackson County,no_data,President,Joseph R. Biden,democrat,"32,004",,
2020,Michigan,MI,Kalamazoo County,no_data,President,Joseph R. Biden,democrat,"83,674",,
2020,Michigan,MI,Kalkaska County,no_data,President,Joseph R. Biden,democrat,"3,003",,
2020,Michigan,MI,Kent County,no_data,President,Joseph R. Biden,democrat,"186,753",,
2020,Michigan,MI,Keweenaw County,no_data,President,Joseph R. Biden,democrat,672,,
2020,Michigan,MI,Lake County,no_data,President,Joseph R. Biden,democrat,"2,288",,
2020,Michigan,MI,Lapeer County,no_data,President,Joseph R. Biden,democrat,"16,368",,
2020,Michigan,MI,Leelanau County,no_data,President,Joseph R. Biden,democrat,"8,793",,
2020,Michigan,MI,Lenawee County,no_data,President,Joseph R. Biden,democrat,"20,916",,
2020,Michigan,MI,Livingston County,no_data,President,Joseph R. Biden,democrat,"48,218",,
2020,Michigan,MI,Luce County,no_data,President,Joseph R. Biden,democrat,842,,
2020,Michigan,MI,Mackinac County,no_data,President,Joseph R. Biden,democrat,"2,589",,
2020,Michigan,MI,Macomb County,no_data,President,Joseph R. Biden,democrat,"225,561",,
2020,Michigan,MI,Manistee County,no_data,President,Joseph R. Biden,democrat,"6,107",,
2020,Michigan,MI,Marquette County,no_data,President,Joseph R. Biden,democrat,"20,465",,
2020,Michigan,MI,Mason County,no_data,President,Joseph R. Biden,democrat,"6,802",,
2020,Michigan,MI,Mecosta County,no_data,President,Joseph R. Biden,democrat,"7,373",,
2020,Michigan,MI,Menominee County,no_data,President,Joseph R. Biden,democrat,"4,314",,
2020,Michigan,MI,Midland County,no_data,President,Joseph R. Biden,democrat,"20,513",,
2020,Michigan,MI,Missaukee County,no_data,President,Joseph R. Biden,democrat,"1,967",,
2020,Michigan,MI,Monroe County,no_data,President,Joseph R. Biden,democrat,"32,975",,
2020,Michigan,MI,Montcalm County,no_data,President,Joseph R. Biden,democrat,"9,703",,
2020,Michigan,MI,Montmorency County,no_data,President,Joseph R. Biden,democrat,"1,628",,
2020,Michigan,MI,Muskegon County,no_data,President,Joseph R. Biden,democrat,"45,508",,
2020,Michigan,MI,Newaygo County,no_data,President,Joseph R. Biden,democrat,"7,874",,
2020,Michigan,MI,Oakland County,no_data,President,Joseph R. Biden,democrat,"433,982",,
2020,Michigan,MI,Oceana County,no_data,President,Joseph R. Biden,democrat,"4,944",,
2020,Michigan,MI,Ogemaw County,no_data,President,Joseph R. Biden,democrat,"3,475",,
2020,Michigan,MI,Ontonagon County,no_data,President,Joseph R. Biden,democrat,"1,391",,
2020,Michigan,MI,Osceola County,no_data,President,Joseph R. Biden,democrat,"3,214",,
2020,Michigan,MI,Oscoda County,no_data,President,Joseph R. Biden,democrat,"1,342",,
2020,Michigan,MI,Otsego County,no_data,President,Joseph R. Biden,democrat,"4,743",,
2020,Michigan,MI,Ottawa County,no_data,President,Joseph R. Biden,democrat,"64,566",,
2020,Michigan,MI,Presque Isle County,no_data,President,Joseph R. Biden,democrat,"2,912",,
2020,Michigan,MI,Roscommon County,no_data,President,Joseph R. Biden,democrat,"5,166",,
2020,Michigan,MI,Saginaw County,no_data,President,Joseph R. Biden,democrat,"51,068",,
2020,Michigan,MI,St. Clair County,no_data,President,Joseph R. Biden,democrat,"31,363",,
2020,Michigan,MI,St. Joseph County,no_data,President,Joseph R. Biden,democrat,"9,262",,
2020,Michigan,MI,Sanilac County,no_data,President,Joseph R. Biden,democrat,"5,966",,
2020,Michigan,MI,Schoolcraft County,no_data,President,Joseph R. Biden,democrat,"1,589",,
2020,Michigan,MI,Shiawassee County,no_data,President,Joseph R. Biden,democrat,"15,371",,
2020,Michigan,MI,Tuscola County,no_data,President,Joseph R. Biden,democrat,"8,713",,
2020,Michigan,MI,Van Buren County,no_data,President,Joseph R. Biden,democrat,"16,800",,
2020,Michigan,MI,Washtenaw County,no_data,President,Joseph R. Biden,democrat,"157,130",,
2020,Michigan,MI,Wayne County,no_data,President,Joseph R. Biden,democrat,"587,074",,
2020,Michigan,MI,Wexford County,no_data,President,Joseph R. Biden,democrat,"5,838",,
2020,Michigan,MI,Alcona County,no_data,President,Donald J. Trump,republican,"4,848",,
2020,Michigan,MI,Alger County,no_data,President,Donald J. Trump,republican,"3,014",,
2020,Michigan,MI,Allegan County,no_data,President,Donald J. Trump,republican,"41,381",,
2020,Michigan,MI,Alpena County,no_data,President,Donald J. Trump,republican,"10,686",,
2020,Michigan,MI,Antrim County,no_data,President,Donald J. Trump,republican,"9,783",,
2020,Michigan,MI,Arenac County,no_data,President,Donald J. Trump,republican,"5,928",,
2020,Michigan,MI,Baraga County,no_data,President,Donald J. Trump,republican,"2,512",,
2020,Michigan,MI,Barry County,no_data,President,Donald J. Trump,republican,"23,473",,
2020,Michigan,MI,Bay County,no_data,President,Donald J. Trump,republican,"30,919",,
2020,Michigan,MI,Benzie County,no_data,President,Donald J. Trump,republican,"6,600",,
2020,Michigan,MI,Berrien County,no_data,President,Donald J. Trump,republican,"43,518",,
2020,Michigan,MI,Branch County,no_data,President,Donald J. Trump,republican,"14,066",,
2020,Michigan,MI,Calhoun County,no_data,President,Donald J. Trump,republican,"35,900",,
2020,Michigan,MI,Cass County,no_data,President,Donald J. Trump,republican,"16,686",,
2020,Michigan,MI,Charlevoix County,no_data,President,Donald J. Trump,republican,"9,841",,
2020,Michigan,MI,Cheboygan County,no_data,President,Donald J. Trump,republican,"10,171",,
2020,Michigan,MI,Chippewa County,no_data,President,Donald J. Trump,republican,"10,682",,
2020,Michigan,MI,Clare County,no_data,President,Donald J. Trump,republican,"10,860",,
2020,Michigan,MI,Clinton County,no_data,President,Donald J. Trump,republican,"25,095",,
2020,Michigan,MI,Crawford County,no_data,President,Donald J. Trump,republican,"4,955",,
2020,Michigan,MI,Delta County,no_data,President,Donald J. Trump,republican,"13,206",,
2020,Michigan,MI,Dickinson County,no_data,President,Donald J. Trump,republican,"8,469",,
2020,Michigan,MI,Eaton County,no_data,President,Donald J. Trump,republican,"31,797",,
2020,Michigan,MI,Emmet County,no_data,President,Donald J. Trump,republican,"12,135",,
2020,Michigan,MI,Genesee County,no_data,President,Donald J. Trump,republican,"99,199",,
2020,Michigan,MI,Gladwin County,no_data,President,Donald J. Trump,republican,"9,893",,
2020,Michigan,MI,Gogebic County,no_data,President,Donald J. Trump,republican,"4,600",,
2020,Michigan,MI,Grand Traverse County,no_data,President,Donald J. Trump,republican,"30,502",,
2020,Michigan,MI,Gratiot County,no_data,President,Donald J. Trump,republican,"12,104",,
2020,Michigan,MI,Hillsdale County,no_data,President,Donald J. Trump,republican,"17,037",,
2020,Michigan,MI,Houghton County,no_data,President,Donald J. Trump,republican,"10,380",,
2020,Michigan,MI,Huron County,no_data,President,Donald J. Trump,republican,"11,949",,
2020,Michigan,MI,Ingham County,no_data,President,Donald J. Trump,republican,"47,640",,
2020,Michigan,MI,Ionia County,no_data,President,Donald J. Trump,republican,"20,655",,
2020,Michigan,MI,Iosco County,no_data,President,Donald J. Trump,republican,"9,760",,
2020,Michigan,MI,Iron County,no_data,President,Donald J. Trump,republican,"4,216",,
2020,Michigan,MI,Isabella County,no_data,President,Donald J. Trump,republican,"14,815",,
2020,Michigan,MI,Jackson County,no_data,President,Donald J. Trump,republican,"47,381",,
2020,Michigan,MI,Kalamazoo County,no_data,President,Donald J. Trump,republican,"56,823",,
2020,Michigan,MI,Kalkaska County,no_data,President,Donald J. Trump,republican,"7,436",,
2020,Michigan,MI,Kent County,no_data,President,Donald J. Trump,republican,"165,318",,
2020,Michigan,MI,Keweenaw County,no_data,President,Donald J. Trump,republican,862,,
2020,Michigan,MI,Lake County,no_data,President,Donald J. Trump,republican,"3,946",,
2020,Michigan,MI,Lapeer County,no_data,President,Donald J. Trump,republican,"35,480",,
2020,Michigan,MI,Leelanau County,no_data,President,Donald J. Trump,republican,"7,915",,
2020,Michigan,MI,Lenawee County,no_data,President,Donald J. Trump,republican,"31,539",,
2020,Michigan,MI,Livingston County,no_data,President,Donald J. Trump,republican,"76,980",,
2020,Michigan,MI,Luce County,no_data,President,Donald J. Trump,republican,"2,109",,
2020,Michigan,MI,Mackinac County,no_data,President,Donald J. Trump,republican,"4,258",,
2020,Michigan,MI,Macomb County,no_data,President,Donald J. Trump,republican,"264,535",,
2020,Michigan,MI,Manistee County,no_data,President,Donald J. Trump,republican,"8,321",,
2020,Michigan,MI,Marquette County,no_data,President,Donald J. Trump,republican,"16,288",,
2020,Michigan,MI,Mason County,no_data,President,Donald J. Trump,republican,"10,207",,
2020,Michigan,MI,Mecosta County,no_data,President,Donald J. Trump,republican,"13,265",,
2020,Michigan,MI,Menominee County,no_data,President,Donald J. Trump,republican,"8,120",,
2020,Michigan,MI,Midland County,no_data,President,Donald J. Trump,republican,"27,706",,
2020,Michigan,MI,Missaukee County,no_data,President,Donald J. Trump,republican,"6,648",,
2020,Michigan,MI,Monroe County,no_data,President,Donald J. Trump,republican,"52,710",,
2020,Michigan,MI,Montcalm County,no_data,President,Donald J. Trump,republican,"21,815",,
2020,Michigan,MI,Montmorency County,no_data,President,Donald J. Trump,republican,"4,171",,
2020,Michigan,MI,Muskegon County,no_data,President,Donald J. Trump,republican,"44,544",,
2020,Michigan,MI,Newaygo County,no_data,President,Donald J. Trump,republican,"18,864",,
2020,Michigan,MI,Oakland County,no_data,President,Donald J. Trump,republican,"325,916",,
2020,Michigan,MI,Oceana County,no_data,President,Donald J. Trump,republican,"8,892",,
2020,Michigan,MI,Ogemaw County,no_data,President,Donald J. Trump,republican,"8,253",,
2020,Michigan,MI,Ontonagon County,no_data,President,Donald J. Trump,republican,"2,358",,
2020,Michigan,MI,Osceola County,no_data,President,Donald J. Trump,republican,"8,928",,
2020,Michigan,MI,Oscoda County,no_data,President,Donald J. Trump,republican,"3,466",,
2020,Michigan,MI,Otsego County,no_data,President,Donald J. Trump,republican,"9,779",,
2020,Michigan,MI,Ottawa County,no_data,President,Donald J. Trump,republican,"100,511",,
2020,Michigan,MI,Presque Isle County,no_data,President,Donald J. Trump,republican,"5,343",,
2020,Michigan,MI,Roscommon County,no_data,President,Donald J. Trump,republican,"9,670",,
2020,Michigan,MI,Saginaw County,no_data,President,Donald J. Trump,republican,"50,784",,
2020,Michigan,MI,St. Clair County,no_data,President,Donald J. Trump,republican,"59,184",,
2020,Michigan,MI,St. Joseph County,no_data,President,Donald J. Trump,republican,"18,128",,
2020,Michigan,MI,Sanilac County,no_data,President,Donald J. Trump,republican,"16,194",,
2020,Michigan,MI,Schoolcraft County,no_data,President,Donald J. Trump,republican,"3,090",,
2020,Michigan,MI,Shiawassee County,no_data,President,Donald J. Trump,republican,"23,154",,
2020,Michigan,MI,Tuscola County,no_data,President,Donald J. Trump,republican,"20,310",,
2020,Michigan,MI,Van Buren County,no_data,President,Donald J. Trump,republican,"21,591",,
2020,Michigan,MI,Washtenaw County,no_data,President,Donald J. Trump,republican,"56,241",,
2020,Michigan,MI,Wayne County,no_data,President,Donald J. Trump,republican,"264,149",,
2020,Michigan,MI,Wexford County,no_data,President,Donald J. Trump,republican,"12,102",,
